{
    "name": "root",
    "gauges": {
        "BehaviorPPO.Policy.Entropy.mean": {
            "value": 2.484001636505127,
            "min": 2.484001636505127,
            "max": 2.4840683937072754,
            "count": 2
        },
        "BehaviorPPO.Policy.Entropy.sum": {
            "value": 24805.240234375,
            "min": 24805.240234375,
            "max": 24952.466796875,
            "count": 2
        },
        "BehaviorPPO.Step.mean": {
            "value": 19967.0,
            "min": 9981.0,
            "max": 19967.0,
            "count": 2
        },
        "BehaviorPPO.Step.sum": {
            "value": 19967.0,
            "min": 9981.0,
            "max": 19967.0,
            "count": 2
        },
        "BehaviorPPO.Policy.ExtrinsicValueEstimate.mean": {
            "value": -0.5229038596153259,
            "min": -0.9426377415657043,
            "max": -0.5229038596153259,
            "count": 2
        },
        "BehaviorPPO.Policy.ExtrinsicValueEstimate.sum": {
            "value": -82.61881256103516,
            "min": -147.99412536621094,
            "max": -82.61881256103516,
            "count": 2
        },
        "BehaviorPPO.Policy.CuriosityValueEstimate.mean": {
            "value": 0.10048435628414154,
            "min": 0.10048435628414154,
            "max": 0.2326219379901886,
            "count": 2
        },
        "BehaviorPPO.Policy.CuriosityValueEstimate.sum": {
            "value": 15.876527786254883,
            "min": 15.876527786254883,
            "max": 36.521644592285156,
            "count": 2
        },
        "BehaviorPPO.Environment.EpisodeLength.mean": {
            "value": 2329.0,
            "min": 2329.0,
            "max": 2771.3333333333335,
            "count": 2
        },
        "BehaviorPPO.Environment.EpisodeLength.sum": {
            "value": 11645.0,
            "min": 8314.0,
            "max": 11645.0,
            "count": 2
        },
        "BehaviorPPO.Self-play.ELO.mean": {
            "value": 1197.0060401459318,
            "min": 1197.0060401459318,
            "max": 1199.0020018325495,
            "count": 2
        },
        "BehaviorPPO.Self-play.ELO.sum": {
            "value": 5985.03020072966,
            "min": 3597.0060054976484,
            "max": 5985.03020072966,
            "count": 2
        },
        "BehaviorPPO.Environment.CumulativeReward.mean": {
            "value": 0.0,
            "min": 0.0,
            "max": 0.0,
            "count": 2
        },
        "BehaviorPPO.Environment.CumulativeReward.sum": {
            "value": 0.0,
            "min": 0.0,
            "max": 0.0,
            "count": 2
        },
        "BehaviorPPO.Policy.ExtrinsicReward.mean": {
            "value": 0.0,
            "min": 0.0,
            "max": 0.0,
            "count": 2
        },
        "BehaviorPPO.Policy.ExtrinsicReward.sum": {
            "value": 0.0,
            "min": 0.0,
            "max": 0.0,
            "count": 2
        },
        "BehaviorPPO.Policy.CuriosityReward.mean": {
            "value": 0.0,
            "min": 0.0,
            "max": 0.0,
            "count": 2
        },
        "BehaviorPPO.Policy.CuriosityReward.sum": {
            "value": 0.0,
            "min": 0.0,
            "max": 0.0,
            "count": 2
        },
        "BehaviorPPO.IsTraining.mean": {
            "value": 1.0,
            "min": 1.0,
            "max": 1.0,
            "count": 2
        },
        "BehaviorPPO.IsTraining.sum": {
            "value": 1.0,
            "min": 1.0,
            "max": 1.0,
            "count": 2
        }
    },
    "metadata": {
        "timer_format_version": "0.1.0",
        "start_time_seconds": "1670002617",
        "python_version": "3.8.13 (default, Sep 16 2022, 11:25:45) [MSC v.1900 64 bit (AMD64)]",
        "command_line_arguments": "C:\\Users\\zhengz5\\Desktop\\MLAgents-Modern-Tetris\\venv\\Scripts\\mlagents-learn config/agent-config.yaml --run-id BehaviorPPO --force",
        "mlagents_version": "0.30.0",
        "mlagents_envs_version": "0.30.0",
        "communication_protocol_version": "1.5.0",
        "pytorch_version": "1.7.1+cu110",
        "numpy_version": "1.21.2",
        "end_time_seconds": "1670002839"
    },
    "total": 221.4989116,
    "count": 1,
    "self": 0.009891500000009046,
    "children": {
        "run_training.setup": {
            "total": 0.1833560999999999,
            "count": 1,
            "self": 0.1833560999999999
        },
        "TrainerController.start_learning": {
            "total": 221.305664,
            "count": 1,
            "self": 0.5495977999992192,
            "children": {
                "TrainerController._reset_env": {
                    "total": 24.0178522,
                    "count": 1,
                    "self": 24.0178522
                },
                "TrainerController.advance": {
                    "total": 196.4440908000008,
                    "count": 21584,
                    "self": 0.47613920000063104,
                    "children": {
                        "env_step": {
                            "total": 189.9182750000002,
                            "count": 21584,
                            "self": 149.6141448999998,
                            "children": {
                                "SubprocessEnvManager._take_step": {
                                    "total": 39.94942029999943,
                                    "count": 21584,
                                    "self": 1.7329771999996666,
                                    "children": {
                                        "TorchPolicy.evaluate": {
                                            "total": 38.216443099999765,
                                            "count": 21584,
                                            "self": 38.216443099999765
                                        }
                                    }
                                },
                                "workers": {
                                    "total": 0.3547098000009825,
                                    "count": 21583,
                                    "self": 0.0,
                                    "children": {
                                        "worker_root": {
                                            "total": 133.52332289999995,
                                            "count": 21583,
                                            "is_parallel": true,
                                            "self": 72.79443240000023,
                                            "children": {
                                                "steps_from_proto": {
                                                    "total": 0.0007508999999998878,
                                                    "count": 1,
                                                    "is_parallel": true,
                                                    "self": 0.00039969999999911465,
                                                    "children": {
                                                        "_process_rank_one_or_two_observation": {
                                                            "total": 0.0003512000000007731,
                                                            "count": 2,
                                                            "is_parallel": true,
                                                            "self": 0.0003512000000007731
                                                        }
                                                    }
                                                },
                                                "UnityEnvironment.step": {
                                                    "total": 60.72813959999973,
                                                    "count": 21583,
                                                    "is_parallel": true,