{"count":1,"self":21.591451199999998,"total":21.6064576,"children":{"InitializeActuators":{"count":1,"self":0.0020005,"total":0.0020005,"children":null},"InitializeSensors":{"count":1,"self":0.0010012999999999999,"total":0.0010012999999999999,"children":null},"AgentSendState":{"count":752,"self":0.0029977999999999997,"total":0.0080019,"children":{"CollectObservations":{"count":752,"self":0.0030047999999999997,"total":0.0030047999999999997,"children":null},"WriteActionMask":{"count":752,"self":0.0009994,"total":0.0009994,"children":null},"RequestDecision":{"count":752,"self":0.0009999,"total":0.0009999,"children":null}}},"DecideAction":{"count":752,"self":0.0010000999999999999,"total":0.0010000999999999999,"children":null},"AgentAct":{"count":752,"self":0.0020020999999999997,"total":0.0020020999999999997,"children":null}},"gauges":{},"metadata":{"timer_format_version":"0.1.0","start_time_seconds":"1670311768","unity_version":"2021.3.9f1","command_line_arguments":"C:\\Program Files\\Unity\\Hub\\Editor\\2021.3.9f1\\Editor\\Unity.exe -projectpath C:\\Users\\getog\\Desktop\\MLAgents Modern Tetris -useHub -hubIPC -cloudEnvironment production -licensingIpc LicenseClient-getog -hubSessionId e8b27c20-74b4-11ed-8458-1fcacf6dab28 -accessToken scxxzngsGp1eXWL1vl01BpCNb33rAf1de9T4nc9_RNU002f","communication_protocol_version":"1.5.0","com.unity.ml-agents_version":"2.0.1","scene_name":"TrainGame","end_time_seconds":"1670311790"}}