{
    "name": "root",
    "gauges": {
        "TetrisPPO.Policy.Entropy.mean": {
            "value": 0.5155512094497681,
            "min": 0.4487278163433075,
            "max": 2.484391450881958,
            "count": 566
        },
        "TetrisPPO.Policy.Entropy.sum": {
            "value": 5403.4921875,
            "min": 4555.48486328125,
            "max": 29892.197265625,
            "count": 566
        },
        "TetrisPPO.Step.mean": {
            "value": 5659989.0,
            "min": 9984.0,
            "max": 5659989.0,
            "count": 566
        },
        "TetrisPPO.Step.sum": {
            "value": 5659989.0,
            "min": 9984.0,
            "max": 5659989.0,
            "count": 566
        },
        "TetrisPPO.Policy.ExtrinsicValueEstimate.mean": {
            "value": -0.1057378277182579,
            "min": -0.4987439513206482,
            "max": 0.2641095817089081,
            "count": 566
        },
        "TetrisPPO.Policy.ExtrinsicValueEstimate.sum": {
            "value": -16.70657730102539,
            "min": -80.29777526855469,
            "max": 41.343528747558594,
            "count": 566
        },
        "TetrisPPO.Policy.GailValueEstimate.mean": {
            "value": 14.48088264465332,
            "min": -0.6892580389976501,
            "max": 15.320880889892578,
            "count": 566
        },
        "TetrisPPO.Policy.GailValueEstimate.sum": {
            "value": 2287.9794921875,
            "min": -108.21351623535156,
            "max": 2457.03955078125,
            "count": 566
        },
        "TetrisPPO.IsTraining.mean": {
            "value": 1.0,
            "min": 1.0,
            "max": 1.0,
            "count": 566
        },
        "TetrisPPO.IsTraining.sum": {
            "value": 1.0,
            "min": 1.0,
            "max": 1.0,
            "count": 566
        },
        "TetrisPPO.Environment.EpisodeLength.mean": {
            "value": 1977.0,
            "min": 1233.0,
            "max": 7083.0,
            "count": 535
        },
        "TetrisPPO.Environment.EpisodeLength.sum": {
            "value": 5931.0,
            "min": 1233.0,
            "max": 45556.0,
            "count": 535
        },
        "TetrisPPO.Environment.CumulativeReward.mean": {
            "value": -4.499166767733793,
            "min": -4.882500236388296,
            "max": -4.285500095225871,
            "count": 535
        },
        "TetrisPPO.Environment.CumulativeReward.sum": {
            "value": -13.497500303201377,
            "min": -57.75550141977146,
            "max": -4.710500240325928,
            "count": 535
        },
        "TetrisPPO.Policy.ExtrinsicReward.mean": {
            "value": -4.499166767733793,
            "min": -4.882500236388296,
            "max": -4.285500095225871,
            "count": 535
        },
        "TetrisPPO.Policy.ExtrinsicReward.sum": {
            "value": -13.497500303201377,
            "min": -57.75550141977146,
            "max": -4.710500240325928,
            "count": 535
        },
        "TetrisPPO.Policy.GailReward.mean": {
            "value": 404.9041387240092,
            "min": 65.22385677136481,
            "max": 2425.4767742156982,
            "count": 535
        },
        "TetrisPPO.Policy.GailReward.sum": {
            "value": 1214.7124161720276,
            "min": 66.63272482156754,
            "max": 14997.362099677324,
            "count": 535
        },
        "TetrisPPO.Losses.PolicyLoss.mean": {
            "value": 0.1906467487832706,
            "min": 0.02442205376859056,
            "max": 0.24463551865244518,
            "count": 13
        },
        "TetrisPPO.Losses.PolicyLoss.sum": {
            "value": 0.1906467487832706,
            "min": 0.02442205376859056,
            "max": 0.24463551865244518,
            "count": 13
        },
        "TetrisPPO.Losses.ValueLoss.mean": {
            "value": 0.9019484307635576,
            "min": 0.05024491042667069,
            "max": 0.9019484307635576,
            "count": 13
        },
        "TetrisPPO.Losses.ValueLoss.sum": {
            "value": 0.9019484307635576,
            "min": 0.05024491042667069,
            "max": 0.9019484307635576,
            "count": 13
        },
        "TetrisPPO.Policy.LearningRate.mean": {
            "value": 0.00047428695257131,
            "min": 0.00047428695257131,
            "max": 0.0009591729040827097,
            "count": 13
        },
        "TetrisPPO.Policy.LearningRate.sum": {
            "value": 0.00047428695257131,
            "min": 0.00047428695257131,
            "max": 0.0009591729040827097,
            "count": 13
        },
        "TetrisPPO.Policy.Epsilon.mean": {
            "value": 0.19485738000000002,
            "min": 0.19485738000000002,
            "max": 0.29183457999999984,
            "count": 13
        },
        "TetrisPPO.Policy.Epsilon.sum": {
            "value": 0.19485738000000002,
            "min": 0.19485738000000002,
            "max": 0.29183457999999984,
            "count": 13
        },
        "TetrisPPO.Policy.Beta.mean": {
            "value": 0.004748126130999999,
            "min": 0.004748126130999999,
            "max": 0.009592137271000003,
            "count": 13
        },
        "TetrisPPO.Policy.Beta.sum": {
            "value": 0.004748126130999999,
            "min": 0.004748126130999999,
            "max": 0.009592137271000003,
            "count": 13
        },
        "TetrisPPO.Policy.GAILPolicyEstimate.mean": {
            "value": 0.2894097316078842,
            "min": 0.28707985188253227,
            "max": 0.3485792970843613,
            "count": 13
        },
        "TetrisPPO.Policy.GAILPolicyEstimate.sum": {
            "value": 0.2894097316078842,
            "min": 0.28707985188253227,
            "max": 0.3485792970843613,
            "count": 13
        },
        "TetrisPPO.Policy.GAILExpertEstimate.mean": {
            "value": 0.709004366517067,
            "min": 0.6186589750051499,
            "max": 0.7232031576186418,
            "count": 13
        },
        "TetrisPPO.Policy.GAILExpertEstimate.sum": {
            "value": 0.709004366517067,
            "min": 0.6186589750051499,
            "max": 0.7232031576186418,
            "count": 13
        },
        "TetrisPPO.Losses.GAILLoss.mean": {
            "value": 0.7546280241757631,
            "min": 0.7416498008519411,
            "max": 0.9572507444173097,
            "count": 13
        },
        "TetrisPPO.Losses.GAILLoss.sum": {
            "value": 0.7546280241757631,
            "min": 0.7416498008519411,
            "max": 0.9572507444173097,
            "count": 13
        },
        "TetrisPPO.Policy.GAILGradMagLoss.mean": {
            "value": 0.027205469780485145,
            "min": 0.027205469780485145,
            "max": 0.15186822064884473,
            "count": 13
        },
        "TetrisPPO.Policy.GAILGradMagLoss.sum": {
            "value": 0.027205469780485145,
            "min": 0.027205469780485145,
            "max": 0.15186822064884473,
            "count": 13
        },
        "TetrisPPO.Losses.PretrainingLoss.mean": {
            "value": 0.291025552755365,
            "min": 0.291025552755365,
            "max": 0.42498189139251524,
            "count": 13
        },
        "TetrisPPO.Losses.PretrainingLoss.sum": {
            "value": 0.291025552755365,
            "min": 0.291025552755365,
            "max": 0.42498189139251524,
            "count": 13
        }
    },
    "metadata": {
        "timer_format_version": "0.1.0",
        "start_time_seconds": "1670334129",
        "python_version": "3.8.13 (default, Sep 16 2022, 11:25:45) [MSC v.1900 64 bit (AMD64)]",
        "command_line_arguments": "C:\\Users\\getog\\AppData\\Local\\Programs\\Python\\Python38\\Scripts\\mlagents-learn config/agent-config.yaml --run-id TetrisPPO --force",
        "mlagents_version": "0.30.0",
        "mlagents_envs_version": "0.30.0",