{
    "name": "root",
    "gauges": {
        "TetrisPPO.Policy.Entropy.mean": {
            "value": 2.4546074867248535,
            "min": 2.447849750518799,
            "max": 2.4840762615203857,
            "count": 814
        },
        "TetrisPPO.Policy.Entropy.sum": {
            "value": 23485.68359375,
            "min": 20348.76953125,
            "max": 30524.12109375,
            "count": 814
        },
        "TetrisPPO.Step.mean": {
            "value": 8139997.0,
            "min": 9984.0,
            "max": 8139997.0,
            "count": 814
        },
        "TetrisPPO.Step.sum": {
            "value": 8139997.0,
            "min": 9984.0,
            "max": 8139997.0,
            "count": 814
        },
        "TetrisPPO.Policy.ExtrinsicValueEstimate.mean": {
            "value": -0.06304335594177246,
            "min": -0.21774424612522125,
            "max": 0.08375928550958633,
            "count": 814
        },
        "TetrisPPO.Policy.ExtrinsicValueEstimate.sum": {
            "value": -4.980424880981445,
            "min": -16.984050750732422,
            "max": 6.616983413696289,
            "count": 814
        },
        "TetrisPPO.Policy.GailValueEstimate.mean": {
            "value": 15.224502563476562,
            "min": -0.3640497028827667,
            "max": 20.43271827697754,
            "count": 814
        },
        "TetrisPPO.Policy.GailValueEstimate.sum": {
            "value": 1202.7357177734375,
            "min": -28.759925842285156,
            "max": 1614.184814453125,
            "count": 814
        },
        "TetrisPPO.IsTraining.mean": {
            "value": 1.0,
            "min": 1.0,
            "max": 1.0,
            "count": 814
        },
        "TetrisPPO.IsTraining.sum": {
            "value": 1.0,
            "min": 1.0,
            "max": 1.0,
            "count": 814
        },
        "TetrisPPO.Environment.EpisodeLength.mean": {
            "value": 6632.0,
            "min": 3199.0,
            "max": 9982.333333333334,
            "count": 673
        },
        "TetrisPPO.Environment.EpisodeLength.sum": {
            "value": 13264.0,
            "min": 3199.0,
            "max": 38993.0,
            "count": 673
        },
        "TetrisPPO.Environment.CumulativeReward.mean": {
            "value": -4.718000017805025,
            "min": -4.829500411637127,
            "max": 16.60016561873878,
            "count": 673
        },
        "TetrisPPO.Environment.CumulativeReward.sum": {
            "value": -9.43600003561005,
            "min": -33.11850072443485,
            "max": 49.80049685621634,
            "count": 673
        },
        "TetrisPPO.Policy.ExtrinsicReward.mean": {
            "value": -4.718000017805025,
            "min": -4.829500411637127,
            "max": 16.60016561873878,
            "count": 673
        },
        "TetrisPPO.Policy.ExtrinsicReward.sum": {
            "value": -9.43600003561005,
            "min": -33.11850072443485,
            "max": 49.80049685621634,
            "count": 673
        },
        "TetrisPPO.Policy.GailReward.mean": {
            "value": 1034.5240861859638,
            "min": 200.01546144788153,
            "max": 2417.0058670043945,
            "count": 673
        },
        "TetrisPPO.Policy.GailReward.sum": {
            "value": 2069.0481723719276,
            "min": 200.01546144788153,
            "max": 12284.224602222443,
            "count": 673
        },
        "TetrisPPO.Losses.PolicyLoss.mean": {
            "value": 0.19805775799386538,
            "min": 0.15265711665603884,
            "max": 0.27119975615453584,
            "count": 19
        },
        "TetrisPPO.Losses.PolicyLoss.sum": {
            "value": 0.19805775799386538,
            "min": 0.15265711665603884,
            "max": 0.27119975615453584,
            "count": 19
        },
        "TetrisPPO.Losses.ValueLoss.mean": {
            "value": 0.8747836425376591,
            "min": 0.8493392625821289,
            "max": 1.8498900095284916,
            "count": 19
        },
        "TetrisPPO.Losses.ValueLoss.sum": {
            "value": 0.8747836425376591,
            "min": 0.8493392625821289,
            "max": 1.8498900095284916,
            "count": 19
        },
        "TetrisPPO.Policy.LearningRate.mean": {
            "value": 2.2590284104900003e-06,
            "min": 2.2590284104900003e-06,
            "max": 9.592375076290003e-06,
            "count": 19
        },
        "TetrisPPO.Policy.LearningRate.sum": {
            "value": 2.2590284104900003e-06,
            "min": 2.2590284104900003e-06,
            "max": 9.592375076290003e-06,
            "count": 19
        },
        "TetrisPPO.Policy.Epsilon.mean": {
            "value": 0.14517902000000005,
            "min": 0.14517902000000005,
            "max": 0.29184741999999997,
            "count": 19
        },
        "TetrisPPO.Policy.Epsilon.sum": {
            "value": 0.14517902000000005,
            "min": 0.14517902000000005,
            "max": 0.29184741999999997,
            "count": 19
        },
        "TetrisPPO.Policy.Beta.mean": {
            "value": 0.0022666920490000005,
            "min": 0.0022666920490000005,
            "max": 0.009592778628999998,
            "count": 19
        },
        "TetrisPPO.Policy.Beta.sum": {
            "value": 0.0022666920490000005,
            "min": 0.0022666920490000005,
            "max": 0.009592778628999998,
            "count": 19
        },
        "TetrisPPO.Policy.GAILPolicyEstimate.mean": {
            "value": 0.24062127908342518,
            "min": 0.23601327001850586,
            "max": 0.3464768872456625,
            "count": 19
        },
        "TetrisPPO.Policy.GAILPolicyEstimate.sum": {
            "value": 0.24062127908342518,
            "min": 0.23601327001850586,
            "max": 0.3464768872456625,
            "count": 19
        },
        "TetrisPPO.Policy.GAILExpertEstimate.mean": {
            "value": 0.7822317562401294,
            "min": 0.6367525405138731,
            "max": 0.7822317562401294,
            "count": 19
        },
        "TetrisPPO.Policy.GAILExpertEstimate.sum": {
            "value": 0.7822317562401294,
            "min": 0.6367525405138731,
            "max": 0.7822317562401294,
            "count": 19
        },
        "TetrisPPO.Losses.GAILLoss.mean": {
            "value": 0.5790693838335573,
            "min": 0.5751306465268136,
            "max": 0.9296570522040128,
            "count": 19
        },
        "TetrisPPO.Losses.GAILLoss.sum": {
            "value": 0.5790693838335573,
            "min": 0.5751306465268136,
            "max": 0.9296570522040128,
            "count": 19
        },
        "TetrisPPO.Policy.GAILGradMagLoss.mean": {
            "value": 0.02643557866779156,
            "min": 0.024787169012764933,
            "max": 0.10552412450115663,
            "count": 19
        },
        "TetrisPPO.Policy.GAILGradMagLoss.sum": {
            "value": 0.02643557866779156,
            "min": 0.024787169012764933,
            "max": 0.10552412450115663,
            "count": 19
        }
    },
    "metadata": {
        "timer_format_version": "0.1.0",
        "start_time_seconds": "1670792606",
        "python_version": "3.8.13 (default, Sep 16 2022, 11:25:45) [MSC v.1900 64 bit (AMD64)]",
        "command_line_arguments": "C:\\Users\\getog\\AppData\\Local\\Programs\\Python\\Python38\\Scripts\\mlagents-learn config/agent-config.yaml --run-id TetrisPPO --force",
        "mlagents_version": "0.30.0",
        "mlagents_envs_version": "0.30.0",
        "communication_protocol_version": "1.5.0",
        "pytorch_version": "1.7.1+cu110",
        "numpy_version": "1.21.2",
        "end_time_seconds": "1670804821"
    },
    "total": 12214.3688508,
    "count": 1,
    "self": 0.007223499998872285,
    "children": {
        "run_training.setup": {
            "total": 0.07772880000000004,
            "count": 1,