{
    "name": "root",
    "metadata": {
        "timer_format_version": "0.1.0",
        "start_time_seconds": "1687912406",
        "python_version": "3.8.13 (default, Sep 16 2022, 11:25:45) [MSC v.1900 64 bit (AMD64)]",
        "command_line_arguments": "C:\\Users\\getog\\AppData\\Local\\Programs\\Python\\Python38\\Scripts\\mlagents-learn config/agent-config.yaml --run-id TetrisPPO --force",
        "mlagents_version": "0.30.0",
        "mlagents_envs_version": "0.30.0",
        "communication_protocol_version": "1.5.0",
        "pytorch_version": "2.0.1+cu118",
        "numpy_version": "1.21.2",
        "end_time_seconds": "1687912432"
    },
    "total": 25.932761900000003,
    "count": 1,
    "self": 0.007878800000000297,
    "children": {
        "run_training.setup": {
            "total": 0.09257150000000003,
            "count": 1,
            "self": 0.09257150000000003
        },
        "TrainerController.start_learning": {
            "total": 25.8323116,
            "count": 1,
            "self": 8.539999999968018e-05,
            "children": {
                "TrainerController._reset_env": {
                    "total": 25.8303899,
                    "count": 1,
                    "self": 11.5766915,
                    "children": {
                        "demo_to_buffer": {
                            "total": 14.2536984,
                            "count": 1,
                            "self": 9.689999999906718e-05,
                            "children": {
                                "load_demonstration": {
                                    "total": 0.313021400000002,
                                    "count": 1,
                                    "self": 0.30040940000000127,
                                    "children": {
                                        "read_file": {
                                            "total": 0.012612000000000734,
                                            "count": 1,
                                            "self": 0.012612000000000734
                                        }
                                    }
                                },
                                "make_demo_buffer": {
                                    "total": 13.940580099999998,
                                    "count": 1,
                                    "self": 2.3961986999999354,
                                    "children": {
                                        "steps_from_proto": {
                                            "total": 11.544381400000063,
                                            "count": 107088,
                                            "self": 7.51422829999909,
                                            "children": {
                                                "_process_rank_one_or_two_observation": {
                                                    "total": 4.030153100000973,
                                                    "count": 214176,
                                                    "self": 4.030153100000973
                                                }
                                            }
                                        }
                                    }
                                }
                            }
                        }
                    }
                },
                "TrainerController._save_models": {
                    "total": 0.00183630000000079,
                    "count": 1,
                    "self": 0.0002250000000003638,
                    "children": {
                        "RLTrainer._checkpoint": {
                            "total": 0.0016113000000004263,
                            "count": 1,
                            "self": 0.0016113000000004263
                        }
                    }
                }
            }
        }
    }
}