{
    "name": "root",
    "gauges": {
        "TetrisPPO.Policy.Entropy.mean": {
            "value": 2.4142441749572754,
            "min": 2.405635118484497,
            "max": 2.4842710494995117,
            "count": 1000
        },
        "TetrisPPO.Policy.Entropy.sum": {
            "value": 23563.0234375,
            "min": 20349.22265625,
            "max": 30526.72265625,
            "count": 1000
        },
        "TetrisPPO.Step.mean": {
            "value": 9999916.0,
            "min": 9984.0,
            "max": 9999916.0,
            "count": 1000
        },
        "TetrisPPO.Step.sum": {
            "value": 9999916.0,
            "min": 9984.0,
            "max": 9999916.0,
            "count": 1000
        },
        "TetrisPPO.Policy.ExtrinsicValueEstimate.mean": {
            "value": -0.12808184325695038,
            "min": -0.28681880235671997,
            "max": 0.027567977085709572,
            "count": 1000
        },
        "TetrisPPO.Policy.ExtrinsicValueEstimate.sum": {
            "value": -10.118465423583984,
            "min": -22.37186622619629,
            "max": 2.2054381370544434,
            "count": 1000
        },
        "TetrisPPO.Policy.GailValueEstimate.mean": {
            "value": 14.30123519897461,
            "min": -0.37740662693977356,
            "max": 22.398914337158203,
            "count": 1000
        },
        "TetrisPPO.Policy.GailValueEstimate.sum": {
            "value": 1129.797607421875,
            "min": -29.815122604370117,
            "max": 1769.51416015625,
            "count": 1000
        },
        "TetrisPPO.IsTraining.mean": {
            "value": 1.0,
            "min": 1.0,
            "max": 1.0,
            "count": 1000
        },
        "TetrisPPO.IsTraining.sum": {
            "value": 1.0,
            "min": 1.0,
            "max": 1.0,
            "count": 1000
        },
        "TetrisPPO.Environment.EpisodeLength.mean": {
            "value": 6540.5,
            "min": 3182.0,
            "max": 10815.0,
            "count": 833
        },
        "TetrisPPO.Environment.EpisodeLength.sum": {
            "value": 13081.0,
            "min": 3182.0,
            "max": 41482.0,
            "count": 833
        },
        "TetrisPPO.Environment.CumulativeReward.mean": {
            "value": -4.70575027121231,
            "min": -4.810499961487949,
            "max": -2.64250028738752,
            "count": 831
        },
        "TetrisPPO.Environment.CumulativeReward.sum": {
            "value": -9.41150054242462,
            "min": -33.38450077874586,
            "max": -2.64250028738752,
            "count": 831
        },
        "TetrisPPO.Policy.ExtrinsicReward.mean": {
            "value": -4.70575027121231,
            "min": -4.810499961487949,
            "max": -2.64250028738752,
            "count": 831
        },
        "TetrisPPO.Policy.ExtrinsicReward.sum": {
            "value": -9.41150054242462,
            "min": -33.38450077874586,
            "max": -2.64250028738752,
            "count": 831
        },
        "TetrisPPO.Policy.GailReward.mean": {
            "value": 1346.4620023215539,
            "min": 226.98987876806683,
            "max": 2559.945797920227,
            "count": 831
        },
        "TetrisPPO.Policy.GailReward.sum": {
            "value": 2692.9240046431078,
            "min": 226.98987876806683,
            "max": 13848.850392341614,
            "count": 831
        },
        "TetrisPPO.Losses.PolicyLoss.mean": {
            "value": 0.19346177309163612,
            "min": 0.15535510820422496,
            "max": 0.26762813517991163,
            "count": 24
        },
        "TetrisPPO.Losses.PolicyLoss.sum": {
            "value": 0.19346177309163612,
            "min": 0.15535510820422496,
            "max": 0.26762813517991163,
            "count": 24
        },
        "TetrisPPO.Losses.ValueLoss.mean": {
            "value": 0.9446038968937938,
            "min": 0.721701577095082,
            "max": 2.333504561316222,
            "count": 24
        },
        "TetrisPPO.Losses.ValueLoss.sum": {
            "value": 0.9446038968937938,
            "min": 0.721701577095082,
            "max": 2.333504561316222,
            "count": 24
        },
        "TetrisPPO.Policy.LearningRate.mean": {
            "value": 2.1959480502999956e-07,
            "min": 2.1959480502999956e-07,
            "max": 9.592356076479995e-06,
            "count": 24
        },
        "TetrisPPO.Policy.LearningRate.sum": {
            "value": 2.1959480502999956e-07,
            "min": 2.1959480502999956e-07,
            "max": 9.592356076479995e-06,
            "count": 24
        },
        "TetrisPPO.Policy.Epsilon.mean": {
            "value": 0.10438993999999997,
            "min": 0.10438993999999997,
            "max": 0.29184703999999995,
            "count": 24
        },
        "TetrisPPO.Policy.Epsilon.sum": {
            "value": 0.10438993999999997,
            "min": 0.10438993999999997,
            "max": 0.29184703999999995,
            "count": 24
        },
        "TetrisPPO.Policy.Beta.mean": {
            "value": 0.00022927750299999962,
            "min": 0.00022927750299999962,
            "max": 0.009592759647999998,
            "count": 24
        },
        "TetrisPPO.Policy.Beta.sum": {
            "value": 0.00022927750299999962,
            "min": 0.00022927750299999962,
            "max": 0.009592759647999998,
            "count": 24
        },
        "TetrisPPO.Policy.GAILPolicyEstimate.mean": {
            "value": 0.2328875564248301,
            "min": 0.2328875564248301,
            "max": 0.32949225216265765,
            "count": 24
        },
        "TetrisPPO.Policy.GAILPolicyEstimate.sum": {
            "value": 0.2328875564248301,
            "min": 0.2328875564248301,
            "max": 0.32949225216265765,
            "count": 24
        },
        "TetrisPPO.Policy.GAILExpertEstimate.mean": {
            "value": 0.7908543325066566,
            "min": 0.640901541121304,
            "max": 0.7908543325066566,
            "count": 24
        },
        "TetrisPPO.Policy.GAILExpertEstimate.sum": {
            "value": 0.7908543325066566,
            "min": 0.640901541121304,
            "max": 0.7908543325066566,
            "count": 24
        },
        "TetrisPPO.Losses.GAILLoss.mean": {
            "value": 0.5521252020150423,
            "min": 0.5521252020150423,
            "max": 0.8939832413643598,
            "count": 24
        },
        "TetrisPPO.Losses.GAILLoss.sum": {
            "value": 0.5521252020150423,
            "min": 0.5521252020150423,
            "max": 0.8939832413643598,
            "count": 24
        },
        "TetrisPPO.Policy.GAILGradMagLoss.mean": {
            "value": 0.02920418286434142,
            "min": 0.02458281473442912,
            "max": 0.10702117593155708,
            "count": 24
        },
        "TetrisPPO.Policy.GAILGradMagLoss.sum": {
            "value": 0.02920418286434142,
            "min": 0.02458281473442912,
            "max": 0.10702117593155708,
            "count": 24
        }
    },
    "metadata": {
        "timer_format_version": "0.1.0",
        "start_time_seconds": "1677403507",
        "python_version": "3.8.13 (default, Sep 16 2022, 11:25:45) [MSC v.1900 64 bit (AMD64)]",
        "command_line_arguments": "C:\\Users\\getog\\AppData\\Local\\Programs\\Python\\Python38\\Scripts\\mlagents-learn config/agent-config.yaml --run-id TetrisPPO --force",
        "mlagents_version": "0.30.0",
        "mlagents_envs_version": "0.30.0",
        "communication_protocol_version": "1.5.0",
        "pytorch_version": "1.7.1+cu110",
        "numpy_version": "1.21.2",
        "end_time_seconds": "1677414297"
    },
    "total": 10791.7199215,
    "count": 1,
    "self": 0.007593799999085604,
    "children": {
        "run_training.setup": {
            "total": 0.09723589999999982,
            "count": 1,