{
    "name": "root",
    "gauges": {
        "TetrisSAC.Policy.Entropy.mean": {
            "value": 2.4843761920928955,
            "min": 2.4843761920928955,
            "max": 2.4843761920928955,
            "count": 1
        },
        "TetrisSAC.Policy.Entropy.sum": {
            "value": 25440.01171875,
            "min": 25440.01171875,
            "max": 25440.01171875,
            "count": 1
        },
        "TetrisSAC.Step.mean": {
            "value": 9984.0,
            "min": 9984.0,
            "max": 9984.0,
            "count": 1
        },
        "TetrisSAC.Step.sum": {
            "value": 9984.0,
            "min": 9984.0,
            "max": 9984.0,
            "count": 1
        },
        "TetrisSAC.Policy.ExtrinsicValue.mean": {
            "value": -0.28085801005363464,
            "min": -0.28085801005363464,
            "max": -0.28085801005363464,
            "count": 1
        },
        "TetrisSAC.Policy.ExtrinsicValue.sum": {
            "value": -43.81385040283203,
            "min": -43.81385040283203,
            "max": -43.81385040283203,
            "count": 1
        },
        "TetrisSAC.Policy.GailValue.mean": {
            "value": -0.3971616327762604,
            "min": -0.3971616327762604,
            "max": -0.3971616327762604,
            "count": 1
        },
        "TetrisSAC.Policy.GailValue.sum": {
            "value": -61.95721435546875,
            "min": -61.95721435546875,
            "max": -61.95721435546875,
            "count": 1
        },
        "TetrisSAC.IsTraining.mean": {
            "value": 1.0,
            "min": 1.0,
            "max": 1.0,
            "count": 1
        },
        "TetrisSAC.IsTraining.sum": {
            "value": 1.0,
            "min": 1.0,
            "max": 1.0,
            "count": 1
        }
    },
    "metadata": {
        "timer_format_version": "0.1.0",
        "start_time_seconds": "1670322568",
        "python_version": "3.8.13 (default, Sep 16 2022, 11:25:45) [MSC v.1900 64 bit (AMD64)]",
        "command_line_arguments": "C:\\Users\\getog\\AppData\\Local\\Programs\\Python\\Python38\\Scripts\\mlagents-learn config/agent-config.yaml --run-id TetrisSAC --force",
        "mlagents_version": "0.30.0",
        "mlagents_envs_version": "0.30.0",
        "communication_protocol_version": "1.5.0",
        "pytorch_version": "1.7.1+cu110",
        "numpy_version": "1.21.2",
        "end_time_seconds": "1670322826"
    },
    "total": 257.9600926,
    "count": 1,
    "self": 0.0062353000000143766,
    "children": {
        "run_training.setup": {
            "total": 0.07881490000000002,
            "count": 1,
            "self": 0.07881490000000002
        },
        "TrainerController.start_learning": {
            "total": 257.8750424,
            "count": 1,
            "self": 0.026595899999904304,
            "children": {
                "TrainerController._reset_env": {
                    "total": 32.1634826,
                    "count": 1,
                    "self": 6.674981100000004,
                    "children": {
                        "demo_to_buffer": {
                            "total": 25.488501499999998,
                            "count": 2,
                            "self": 0.0006134999999964919,
                            "children": {
                                "load_demonstration": {
                                    "total": 0.5085690000000005,
                                    "count": 2,
                                    "self": 0.4925918999999981,
                                    "children": {
                                        "read_file": {
                                            "total": 0.01597710000000241,
                                            "count": 2,
                                            "self": 0.01597710000000241
                                        }
                                    }
                                },
                                "make_demo_buffer": {
                                    "total": 24.979319,
                                    "count": 2,
                                    "self": 4.296915100000138,
                                    "children": {
                                        "steps_from_proto": {
                                            "total": 20.682403899999862,
                                            "count": 214176,
                                            "self": 13.467746099999847,
                                            "children": {
                                                "_process_rank_one_or_two_observation": {
                                                    "total": 7.214657800000015,
                                                    "count": 428352,
                                                    "self": 7.214657800000015
                                                }
                                            }
                                        }
                                    }
                                }
                            }
                        }
                    }
                },
                "TrainerController.advance": {
                    "total": 225.56083090000013,
                    "count": 2560,
                    "self": 0.02524079999986384,
                    "children": {
                        "env_step": {
                            "total": 7.631293099999972,
                            "count": 2560,
                            "self": 5.274473900000082,
                            "children": {
                                "SubprocessEnvManager._take_step": {
                                    "total": 2.339504500000082,
                                    "count": 2560,
                                    "self": 0.08735010000025767,
                                    "children": {
                                        "TorchPolicy.evaluate": {
                                            "total": 2.2521543999998244,
                                            "count": 2560,
                                            "self": 2.2521543999998244
                                        }
                                    }
                                },
                                "workers": {
                                    "total": 0.01731469999980817,
                                    "count": 2560,
                                    "self": 0.0,
                                    "children": {
                                        "worker_root": {
                                            "total": 35.73849599999995,
                                            "count": 2560,
                                            "is_parallel": true,
                                            "self": 31.88539969999986,
                                            "children": {
                                                "steps_from_proto": {
                                                    "total": 0.0003764999999997798,
                                                    "count": 1,
                                                    "is_parallel": true,
                                                    "self": 0.00016009999999955227,
                                                    "children": {
                                                        "_process_rank_one_or_two_observation": {
                                                            "total": 0.00021640000000022752,
                                                            "count": 2,
                                                            "is_parallel": true,