{
    "name": "root",
    "gauges": {
        "TetrisSAC.Policy.Entropy.mean": {
            "value": 2.4818482398986816,
            "min": 2.4818482398986816,
            "max": 2.4818482398986816,
            "count": 1
        },
        "TetrisSAC.Policy.Entropy.sum": {
            "value": 61403.40625,
            "min": 61403.40625,
            "max": 61403.40625,
            "count": 1
        },
        "TetrisSAC.Environment.EpisodeLength.mean": {
            "value": 501.3958333333333,
            "min": 501.3958333333333,
            "max": 501.3958333333333,
            "count": 1
        },
        "TetrisSAC.Environment.EpisodeLength.sum": {
            "value": 24067.0,
            "min": 24067.0,
            "max": 24067.0,
            "count": 1
        },
        "TetrisSAC.Self-play.ELO.mean": {
            "value": 1188.6921947611106,
            "min": 1188.6921947611106,
            "max": 1188.6921947611106,
            "count": 1
        },
        "TetrisSAC.Self-play.ELO.sum": {
            "value": 57057.225348533306,
            "min": 57057.225348533306,
            "max": 57057.225348533306,
            "count": 1
        },
        "TetrisSAC.Step.mean": {
            "value": 14702.0,
            "min": 14702.0,
            "max": 14702.0,
            "count": 1
        },
        "TetrisSAC.Step.sum": {
            "value": 14702.0,
            "min": 14702.0,
            "max": 14702.0,
            "count": 1
        },
        "TetrisSAC.Policy.ExtrinsicValue.mean": {
            "value": 1.6969780921936035,
            "min": 1.6969780921936035,
            "max": 1.6969780921936035,
            "count": 1
        },
        "TetrisSAC.Policy.ExtrinsicValue.sum": {
            "value": 49.212364196777344,
            "min": 49.212364196777344,
            "max": 49.212364196777344,
            "count": 1
        },
        "TetrisSAC.Policy.CuriosityValue.mean": {
            "value": 2.254453182220459,
            "min": 2.254453182220459,
            "max": 2.254453182220459,
            "count": 1
        },
        "TetrisSAC.Policy.CuriosityValue.sum": {
            "value": 65.37914276123047,
            "min": 65.37914276123047,
            "max": 65.37914276123047,
            "count": 1
        },
        "TetrisSAC.Environment.CumulativeReward.mean": {
            "value": 40.89655172413793,
            "min": 40.89655172413793,
            "max": 40.89655172413793,
            "count": 1
        },
        "TetrisSAC.Environment.CumulativeReward.sum": {
            "value": 1186.0,
            "min": 1186.0,
            "max": 1186.0,
            "count": 1
        },
        "TetrisSAC.Policy.ExtrinsicReward.mean": {
            "value": 40.89655172413793,
            "min": 40.89655172413793,
            "max": 40.89655172413793,
            "count": 1
        },
        "TetrisSAC.Policy.ExtrinsicReward.sum": {
            "value": 1186.0,
            "min": 1186.0,
            "max": 1186.0,
            "count": 1
        },
        "TetrisSAC.Policy.CuriosityReward.mean": {
            "value": 7.143042515064108,
            "min": 7.143042515064108,
            "max": 7.143042515064108,
            "count": 1
        },
        "TetrisSAC.Policy.CuriosityReward.sum": {
            "value": 207.14823293685913,
            "min": 207.14823293685913,
            "max": 207.14823293685913,
            "count": 1
        },
        "TetrisSAC.Losses.PolicyLoss.mean": {
            "value": -4.680157527534583,
            "min": -4.680157527534583,
            "max": -4.680157527534583,
            "count": 1
        },
        "TetrisSAC.Losses.PolicyLoss.sum": {
            "value": -6599.022113823761,
            "min": -6599.022113823761,
            "max": -6599.022113823761,
            "count": 1
        },
        "TetrisSAC.Losses.ValueLoss.mean": {
            "value": 0.004736676985887153,
            "min": 0.004736676985887153,
            "max": 0.004736676985887153,
            "count": 1
        },
        "TetrisSAC.Losses.ValueLoss.sum": {
            "value": 6.678714550100885,
            "min": 6.678714550100885,
            "max": 6.678714550100885,
            "count": 1
        },
        "TetrisSAC.Losses.Q1Loss.mean": {
            "value": 0.5267382174899291,
            "min": 0.5267382174899291,
            "max": 0.5267382174899291,
            "count": 1
        },
        "TetrisSAC.Losses.Q1Loss.sum": {
            "value": 742.7008866608,
            "min": 742.7008866608,
            "max": 742.7008866608,
            "count": 1
        },
        "TetrisSAC.Losses.Q2Loss.mean": {
            "value": 0.5258740228734062,
            "min": 0.5258740228734062,
            "max": 0.5258740228734062,
            "count": 1
        },
        "TetrisSAC.Losses.Q2Loss.sum": {
            "value": 741.4823722515027,
            "min": 741.4823722515027,
            "max": 741.4823722515027,
            "count": 1
        },
        "TetrisSAC.Policy.DiscreteEntropyCoeff.mean": {
            "value": 0.31865761215402316,
            "min": 0.31865761215402316,
            "max": 0.31865761215402316,
            "count": 1
        },
        "TetrisSAC.Policy.DiscreteEntropyCoeff.sum": {
            "value": 449.30723313717266,
            "min": 449.30723313717266,
            "max": 449.30723313717266,
            "count": 1
        },
        "TetrisSAC.Policy.ContinuousEntropyCoeff.mean": {
            "value": 0.5,
            "min": 0.5,
            "max": 0.5,
            "count": 1
        },
        "TetrisSAC.Policy.ContinuousEntropyCoeff.sum": {
            "value": 705.0,
            "min": 705.0,
            "max": 705.0,
            "count": 1
        },
        "TetrisSAC.Policy.LearningRate.mean": {
            "value": 0.0010000000000000005,
            "min": 0.0010000000000000005,
            "max": 0.0010000000000000005,
            "count": 1
        },
        "TetrisSAC.Policy.LearningRate.sum": {
            "value": 1.4100000000000006,
            "min": 1.4100000000000006,
            "max": 1.4100000000000006,
            "count": 1
        },
        "TetrisSAC.Losses.CuriosityForwardLoss.mean": {
            "value": 0.24227568181416884,
            "min": 0.24227568181416884,
            "max": 0.24227568181416884,
            "count": 1
        },
        "TetrisSAC.Losses.CuriosityForwardLoss.sum": {
            "value": 341.60871135797805,
            "min": 341.60871135797805,
            "max": 341.60871135797805,
            "count": 1
        },
        "TetrisSAC.Losses.CuriosityInverseLoss.mean": {
            "value": 2.4738361471584165,
            "min": 2.4738361471584165,
            "max": 2.4738361471584165,
            "count": 1
        },
        "TetrisSAC.Losses.CuriosityInverseLoss.sum": {
            "value": 3488.1089674933673,
            "min": 3488.1089674933673,
            "max": 3488.1089674933673,
            "count": 1
        },
        "TetrisSAC.IsTraining.mean": {
            "value": 1.0,
            "min": 1.0,
            "max": 1.0,
            "count": 1
        },
        "TetrisSAC.IsTraining.sum": {
            "value": 1.0,
            "min": 1.0,
            "max": 1.0,
            "count": 1
        }
    },
    "metadata": {
        "timer_format_version": "0.1.0",
        "start_time_seconds": "1670007476",
        "python_version": "3.8.13 (default, Sep 16 2022, 11:25:45) [MSC v.1900 64 bit (AMD64)]",
        "command_line_arguments": "C:\\Users\\zhengz5\\Desktop\\MLAgents-Modern-Tetris\\venv\\Scripts\\mlagents-learn config/agent-config.yaml --run-id TetrisSAC --force",
        "mlagents_version": "0.30.0",
        "mlagents_envs_version": "0.30.0",
        "communication_protocol_version": "1.5.0",
        "pytorch_version": "1.7.1+cu110",
        "numpy_version": "1.21.2",
        "end_time_seconds": "1670007826"
    },
    "total": 350.22564919999996,
    "count": 1,