{
    "name": "root",
    "gauges": {
        "TetrisSAC.Policy.Entropy.mean": {
            "value": 2.4838638305664062,
            "min": 2.4838638305664062,
            "max": 2.4838638305664062,
            "count": 1
        },
        "TetrisSAC.Policy.Entropy.sum": {
            "value": 24957.86328125,
            "min": 24957.86328125,
            "max": 24957.86328125,
            "count": 1
        },
        "TetrisSAC.Step.mean": {
            "value": 9984.0,
            "min": 9984.0,
            "max": 9984.0,
            "count": 1
        },
        "TetrisSAC.Step.sum": {
            "value": 9984.0,
            "min": 9984.0,
            "max": 9984.0,
            "count": 1
        },
        "TetrisSAC.Policy.ExtrinsicValue.mean": {
            "value": -0.1453712433576584,
            "min": -0.1453712433576584,
            "max": -0.1453712433576584,
            "count": 1
        },
        "TetrisSAC.Policy.ExtrinsicValue.sum": {
            "value": -22.677913665771484,
            "min": -22.677913665771484,
            "max": -22.677913665771484,
            "count": 1
        },
        "TetrisSAC.IsTraining.mean": {
            "value": 1.0,
            "min": 1.0,
            "max": 1.0,
            "count": 1
        },
        "TetrisSAC.IsTraining.sum": {
            "value": 1.0,
            "min": 1.0,
            "max": 1.0,
            "count": 1
        }
    },
    "metadata": {
        "timer_format_version": "0.1.0",
        "start_time_seconds": "1670306225",
        "python_version": "3.8.13 (default, Sep 16 2022, 11:25:45) [MSC v.1900 64 bit (AMD64)]",
        "command_line_arguments": "C:\\Users\\getog\\AppData\\Local\\Programs\\Python\\Python38\\Scripts\\mlagents-learn config/agent-config.yaml --run-id TetrisSAC --force",
        "mlagents_version": "0.30.0",
        "mlagents_envs_version": "0.30.0",
        "communication_protocol_version": "1.5.0",
        "pytorch_version": "1.7.1+cu110",
        "numpy_version": "1.21.2",
        "end_time_seconds": "1670306631"
    },
    "total": 406.6413916,
    "count": 1,
    "self": 0.005026900000018486,
    "children": {
        "run_training.setup": {
            "total": 0.07796190000000003,
            "count": 1,
            "self": 0.07796190000000003
        },
        "TrainerController.start_learning": {
            "total": 406.5584028,
            "count": 1,
            "self": 0.1226310000012063,
            "children": {
                "TrainerController._reset_env": {
                    "total": 4.7358818000000005,
                    "count": 1,
                    "self": 4.7358818000000005
                },
                "TrainerController.advance": {
                    "total": 401.57491579999885,
                    "count": 12544,
                    "self": 0.12569289999902367,
                    "children": {
                        "env_step": {
                            "total": 95.13195179999985,
                            "count": 12544,
                            "self": 84.39910439999778,
                            "children": {
                                "SubprocessEnvManager._take_step": {
                                    "total": 10.646187800000964,
                                    "count": 12544,
                                    "self": 0.3983574000013448,
                                    "children": {
                                        "TorchPolicy.evaluate": {
                                            "total": 10.24783039999962,
                                            "count": 12544,
                                            "self": 10.24783039999962
                                        }
                                    }
                                },
                                "workers": {
                                    "total": 0.08665960000109951,
                                    "count": 12544,
                                    "self": 0.0,
                                    "children": {
                                        "worker_root": {
                                            "total": 397.8743418999988,
                                            "count": 12544,
                                            "is_parallel": true,
                                            "self": 319.4566695000003,
                                            "children": {
                                                "steps_from_proto": {
                                                    "total": 0.00036940000000029727,
                                                    "count": 1,
                                                    "is_parallel": true,
                                                    "self": 0.00020790000000037168,
                                                    "children": {
                                                        "_process_rank_one_or_two_observation": {
                                                            "total": 0.0001614999999999256,
                                                            "count": 2,
                                                            "is_parallel": true,
                                                            "self": 0.0001614999999999256
                                                        }
                                                    }
                                                },
                                                "UnityEnvironment.step": {
                                                    "total": 78.4173029999985,
                                                    "count": 12544,
                                                    "is_parallel": true,
                                                    "self": 0.5656069999993321,
                                                    "children": {
                                                        "UnityEnvironment._generate_step_input": {
                                                            "total": 0.4191309000009138,
                                                            "count": 12544,
                                                            "is_parallel": true,
                                                            "self": 0.4191309000009138
                                                        },
                                                        "communicator.exchange": {
                                                            "total": 75.65884269999913,
                                                            "count": 12544,
                                                            "is_parallel": true,
                                                            "self": 75.65884269999913
                                                        },
                                                        "steps_from_proto": {
                                                            "total": 1.7737223999991256,
                                                            "count": 12544,
                                                            "is_parallel": true,
                                                            "self": 1.1098243000003185,
                                                            "children": {
                                                                "_process_rank_one_or_two_observation": {
                                                                    "total": 0.6638980999988071,
                                                                    "count": 25088,
                                                                    "is_parallel": true,