{
    "name": "root",
    "metadata": {
        "timer_format_version": "0.1.0",
        "start_time_seconds": "1670274625",
        "python_version": "3.8.13 (default, Sep 16 2022, 11:25:45) [MSC v.1900 64 bit (AMD64)]",
        "command_line_arguments": "C:\\Users\\getog\\AppData\\Local\\Programs\\Python\\Python38\\Scripts\\mlagents-learn config/agent-config.yaml --run-id TetrisSAC --force --tensorflow",
        "mlagents_version": "0.30.0",
        "mlagents_envs_version": "0.30.0",
        "communication_protocol_version": "1.5.0",
        "pytorch_version": "1.7.1+cu110",
        "numpy_version": "1.21.2",
        "end_time_seconds": "1670274633"
    },
    "total": 8.114163999999999,
    "count": 1,
    "self": 0.0072950999999985555,
    "children": {
        "run_training.setup": {
            "total": 0.07668610000000009,
            "count": 1,
            "self": 0.07668610000000009
        },
        "TrainerController.start_learning": {
            "total": 8.0301828,
            "count": 1,
            "self": 6.929999999982783e-05,
            "children": {
                "TrainerController._reset_env": {
                    "total": 8.028579800000001,
                    "count": 1,
                    "self": 6.061790100000001,
                    "children": {
                        "demo_to_buffer": {
                            "total": 1.9667896999999996,
                            "count": 1,
                            "self": 8.14999999994015e-05,
                            "children": {
                                "load_demonstration": {
                                    "total": 0.03016120000000022,
                                    "count": 1,
                                    "self": 0.02864990000000045,
                                    "children": {
                                        "read_file": {
                                            "total": 0.0015112999999997712,
                                            "count": 1,
                                            "self": 0.0015112999999997712
                                        }
                                    }
                                },
                                "make_demo_buffer": {
                                    "total": 1.936547,
                                    "count": 1,
                                    "self": 0.3220325000000308,
                                    "children": {
                                        "steps_from_proto": {
                                            "total": 1.6145144999999692,
                                            "count": 16620,
                                            "self": 1.0266988999996967,
                                            "children": {
                                                "_process_rank_one_or_two_observation": {
                                                    "total": 0.5878156000002726,
                                                    "count": 33240,
                                                    "self": 0.5878156000002726
                                                }
                                            }
                                        }
                                    }
                                }
                            }
                        }
                    }
                },
                "TrainerController._save_models": {
                    "total": 0.001533699999999527,
                    "count": 1,
                    "self": 0.00019049999999865008,
                    "children": {
                        "RLTrainer._checkpoint": {
                            "total": 0.001343200000000877,
                            "count": 1,
                            "self": 0.001343200000000877
                        }
                    }
                }
            }
        }
    }
}